,script_name,size,time
0,pymonntorch_izh_cuda.py,10,0.25417685508728
1,pymonntorch_izh_cuda.py,10,0.249530553817749
2,pymonntorch_izh_cuda.py,10,0.248977661132812
3,pymonntorch_izh_cuda.py,10,0.257966756820679
4,pymonntorch_izh_cuda.py,10,0.265898466110229
5,pymonntorch_izh_cuda.py,20,0.262241125106811
6,pymonntorch_izh_cuda.py,20,0.263084650039673
7,pymonntorch_izh_cuda.py,20,0.26537275314331
8,pymonntorch_izh_cuda.py,20,0.251236200332642
9,pymonntorch_izh_cuda.py,20,0.251023054122925
10,pymonntorch_izh_cuda.py,50,0.258030652999878
11,pymonntorch_izh_cuda.py,50,0.266721248626709
12,pymonntorch_izh_cuda.py,50,0.271978139877319
13,pymonntorch_izh_cuda.py,50,0.275496006011963
14,pymonntorch_izh_cuda.py,50,0.261199951171875
15,pymonntorch_izh_cuda.py,100,0.302738666534424
16,pymonntorch_izh_cuda.py,100,0.264579057693481
17,pymonntorch_izh_cuda.py,100,0.295809745788574
18,pymonntorch_izh_cuda.py,100,0.26634931564331
19,pymonntorch_izh_cuda.py,100,0.28750205039978
20,pymonntorch_izh_cuda.py,250,0.271305561065674
21,pymonntorch_izh_cuda.py,250,0.294023990631104
22,pymonntorch_izh_cuda.py,250,0.271704435348511
23,pymonntorch_izh_cuda.py,250,0.297303199768066
24,pymonntorch_izh_cuda.py,250,0.278284788131714
25,pymonntorch_izh_cuda.py,500,0.363487482070923
26,pymonntorch_izh_cuda.py,500,0.332287311553955
27,pymonntorch_izh_cuda.py,500,0.305108785629272
28,pymonntorch_izh_cuda.py,500,0.271456718444824
29,pymonntorch_izh_cuda.py,500,0.268697023391724
30,pymonntorch_izh_cuda.py,750,0.305218935012817
31,pymonntorch_izh_cuda.py,750,0.280409336090088
32,pymonntorch_izh_cuda.py,750,0.309268474578857
33,pymonntorch_izh_cuda.py,750,0.349288702011108
34,pymonntorch_izh_cuda.py,750,0.314250469207764
35,pymonntorch_izh_cuda.py,1000,0.312383890151977
36,pymonntorch_izh_cuda.py,1000,0.315168619155884
37,pymonntorch_izh_cuda.py,1000,0.344824075698852
38,pymonntorch_izh_cuda.py,1000,0.360431909561157
39,pymonntorch_izh_cuda.py,1000,0.269978523254394
40,pymonntorch_izh_cuda.py,1500,0.288399696350098
41,pymonntorch_izh_cuda.py,1500,0.28787088394165
42,pymonntorch_izh_cuda.py,1500,0.306177139282226
43,pymonntorch_izh_cuda.py,1500,0.354241847991943
44,pymonntorch_izh_cuda.py,1500,0.311316251754761
45,pymonntorch_izh_cuda.py,2000,0.395695924758911
46,pymonntorch_izh_cuda.py,2000,0.369848728179932
47,pymonntorch_izh_cuda.py,2000,0.335073232650757
48,pymonntorch_izh_cuda.py,2000,0.330122232437134
49,pymonntorch_izh_cuda.py,2000,0.368898630142212
50,pymonntorch_izh_cuda.py,3000,0.486913919448852
51,pymonntorch_izh_cuda.py,3000,0.42999005317688
52,pymonntorch_izh_cuda.py,3000,0.435133218765259
53,pymonntorch_izh_cuda.py,3000,0.429748058319092
54,pymonntorch_izh_cuda.py,3000,0.475497245788574
55,pymonntorch_izh_cuda.py,4000,0.559803485870361
56,pymonntorch_izh_cuda.py,4000,0.569406032562256
57,pymonntorch_izh_cuda.py,4000,0.580037593841553
58,pymonntorch_izh_cuda.py,4000,0.594357490539551
59,pymonntorch_izh_cuda.py,4000,0.604264736175537
60,pymonntorch_izh_cuda.py,5000,0.772057056427002
61,pymonntorch_izh_cuda.py,5000,0.767153739929199
62,pymonntorch_izh_cuda.py,5000,0.787933111190796
63,pymonntorch_izh_cuda.py,5000,0.775554418563843
64,pymonntorch_izh_cuda.py,5000,0.765582084655762
65,pymonntorch_izh_cuda.py,6000,1.01610660552979
66,pymonntorch_izh_cuda.py,6000,1.02059674263
67,pymonntorch_izh_cuda.py,6000,1.03292798995972
68,pymonntorch_izh_cuda.py,6000,1.02605938911438
69,pymonntorch_izh_cuda.py,6000,1.0278754234314
70,pymonntorch_izh_cuda.py,7000,1.30721092224121
71,pymonntorch_izh_cuda.py,7000,1.29918837547302
72,pymonntorch_izh_cuda.py,7000,1.29788041114807
73,pymonntorch_izh_cuda.py,7000,1.30429410934448
74,pymonntorch_izh_cuda.py,7000,1.31354808807373
75,pymonntorch_izh_cuda.py,8000,1.63206338882446
76,pymonntorch_izh_cuda.py,8000,1.63252425193787
77,pymonntorch_izh_cuda.py,8000,1.64969348907471
78,pymonntorch_izh_cuda.py,8000,1.64490461349487
79,pymonntorch_izh_cuda.py,8000,1.63132667541504
80,pymonntorch_izh_cuda.py,9000,2.02945971488953
81,pymonntorch_izh_cuda.py,9000,2.02877712249756
82,pymonntorch_izh_cuda.py,9000,2.02255439758301
83,pymonntorch_izh_cuda.py,9000,2.0180675983429
84,pymonntorch_izh_cuda.py,9000,2.02455306053162
85,pymonntorch_izh_cuda.py,10000,2.43409872055054
86,pymonntorch_izh_cuda.py,10000,2.45296859741211
87,pymonntorch_izh_cuda.py,10000,2.46364784240723
88,pymonntorch_izh_cuda.py,10000,2.45684552192688
89,pymonntorch_izh_cuda.py,10000,2.44551396369934
90,pymonntorch_izh_cuda.py,11000,2.91199517250061
91,pymonntorch_izh_cuda.py,11000,2.92111539840698
92,pymonntorch_izh_cuda.py,11000,2.92128729820251
93,pymonntorch_izh_cuda.py,11000,2.91232585906982
94,pymonntorch_izh_cuda.py,11000,2.89150404930115
95,pymonntorch_izh_cuda.py,12000,3.40585947036743
96,pymonntorch_izh_cuda.py,12000,3.4168963432312
97,pymonntorch_izh_cuda.py,12000,3.40541052818298
98,pymonntorch_izh_cuda.py,12000,3.39516091346741
99,pymonntorch_izh_cuda.py,12000,3.41586136817932
100,pymonntorch_izh_cuda.py,13000,3.9511821269989
101,pymonntorch_izh_cuda.py,13000,3.99277567863464
102,pymonntorch_izh_cuda.py,13000,4.00069570541382
103,pymonntorch_izh_cuda.py,13000,3.96334218978882
104,pymonntorch_izh_cuda.py,13000,3.97895550727844
105,pymonntorch_izh_cuda.py,14000,4.57687997817993
106,pymonntorch_izh_cuda.py,14000,4.56769824028015
107,pymonntorch_izh_cuda.py,14000,4.57321190834045
108,pymonntorch_izh_cuda.py,14000,4.57813405990601
109,pymonntorch_izh_cuda.py,14000,4.56180143356323
110,pymonntorch_izh_cuda.py,2500,0.391748666763306
111,pymonntorch_izh_cuda.py,2500,0.37099552154541
112,pymonntorch_izh_cuda.py,2500,0.37587571144104
113,pymonntorch_izh_cuda.py,2500,0.380735397338867
114,pymonntorch_izh_cuda.py,2500,0.3928062915802
115,pymonntorch_izh_cpu.py,10,0.133836984634399
116,pymonntorch_izh_cpu.py,10,0.116746187210083
117,pymonntorch_izh_cpu.py,10,0.117838621139526
118,pymonntorch_izh_cpu.py,10,0.11761212348938
119,pymonntorch_izh_cpu.py,10,0.118752002716064
120,pymonntorch_izh_cpu.py,20,0.119515180587768
121,pymonntorch_izh_cpu.py,20,0.118935823440552
122,pymonntorch_izh_cpu.py,20,0.116752862930298
123,pymonntorch_izh_cpu.py,20,0.11841082572937
124,pymonntorch_izh_cpu.py,20,0.11689305305481
125,pymonntorch_izh_cpu.py,50,0.120246410369873
126,pymonntorch_izh_cpu.py,50,0.120467662811279
127,pymonntorch_izh_cpu.py,50,0.119279623031616
128,pymonntorch_izh_cpu.py,50,0.129639387130737
129,pymonntorch_izh_cpu.py,50,0.120654582977295
130,pymonntorch_izh_cpu.py,100,0.124077320098877
131,pymonntorch_izh_cpu.py,100,0.122058391571045
132,pymonntorch_izh_cpu.py,100,0.124364376068115
133,pymonntorch_izh_cpu.py,100,0.128972053527832
134,pymonntorch_izh_cpu.py,100,0.121841907501221
135,pymonntorch_izh_cpu.py,250,0.131926774978638
136,pymonntorch_izh_cpu.py,250,0.138012170791626
137,pymonntorch_izh_cpu.py,250,0.132508993148804
138,pymonntorch_izh_cpu.py,250,0.134806871414184
139,pymonntorch_izh_cpu.py,250,0.164273977279663
140,pymonntorch_izh_cpu.py,500,0.172162532806396
141,pymonntorch_izh_cpu.py,500,0.19976806640625
142,pymonntorch_izh_cpu.py,500,0.193455934524536
143,pymonntorch_izh_cpu.py,500,0.146108627319336
144,pymonntorch_izh_cpu.py,500,0.171453237533569
145,pymonntorch_izh_cpu.py,750,0.193727731704712
146,pymonntorch_izh_cpu.py,750,0.219374418258667
147,pymonntorch_izh_cpu.py,750,0.191648244857788
148,pymonntorch_izh_cpu.py,750,0.219376802444458
149,pymonntorch_izh_cpu.py,750,0.214464664459228
150,pymonntorch_izh_cpu.py,1000,0.24582839012146
151,pymonntorch_izh_cpu.py,1000,0.283058404922485
152,pymonntorch_izh_cpu.py,1000,0.275806665420532
153,pymonntorch_izh_cpu.py,1000,0.246065855026245
154,pymonntorch_izh_cpu.py,1000,0.214341163635254
155,pymonntorch_izh_cpu.py,1500,0.318470239639282
156,pymonntorch_izh_cpu.py,1500,0.330550909042358
157,pymonntorch_izh_cpu.py,1500,0.333054542541504
158,pymonntorch_izh_cpu.py,1500,0.373534202575684
159,pymonntorch_izh_cpu.py,1500,0.345590353012085
160,pymonntorch_izh_cpu.py,2000,0.504384517669678
161,pymonntorch_izh_cpu.py,2000,0.507842302322388
162,pymonntorch_izh_cpu.py,2000,0.468461990356445
163,pymonntorch_izh_cpu.py,2000,0.463479995727539
164,pymonntorch_izh_cpu.py,2000,0.507390737533569
165,pymonntorch_izh_cpu.py,3000,0.916598796844482
166,pymonntorch_izh_cpu.py,3000,0.873945474624634
167,pymonntorch_izh_cpu.py,3000,0.857541561126709
168,pymonntorch_izh_cpu.py,3000,0.860671758651733
169,pymonntorch_izh_cpu.py,3000,0.876765727996826
170,pymonntorch_izh_cpu.py,4000,1.42336058616638
171,pymonntorch_izh_cpu.py,4000,1.38440942764282
172,pymonntorch_izh_cpu.py,4000,1.49167799949646
173,pymonntorch_izh_cpu.py,4000,1.47693300247192
174,pymonntorch_izh_cpu.py,4000,1.48136973381042
175,pymonntorch_izh_cpu.py,5000,2.18594217300415
176,pymonntorch_izh_cpu.py,5000,2.29014372825623
177,pymonntorch_izh_cpu.py,5000,2.21214604377747
178,pymonntorch_izh_cpu.py,5000,2.18901371955872
179,pymonntorch_izh_cpu.py,5000,2.22133803367615
180,pymonntorch_izh_cpu.py,6000,3.28674340248108
181,pymonntorch_izh_cpu.py,6000,3.21947240829468
182,pymonntorch_izh_cpu.py,6000,3.38219833374023
183,pymonntorch_izh_cpu.py,6000,3.11603927612305
184,pymonntorch_izh_cpu.py,6000,3.11143589019775
185,pymonntorch_izh_cpu.py,7000,4.26932191848755
186,pymonntorch_izh_cpu.py,7000,4.30981063842773
187,pymonntorch_izh_cpu.py,7000,4.26843547821045
188,pymonntorch_izh_cpu.py,7000,4.32830905914307
189,pymonntorch_izh_cpu.py,7000,4.43547797203064
190,pymonntorch_izh_cpu.py,8000,5.70801687240601
191,pymonntorch_izh_cpu.py,8000,5.89202904701233
192,pymonntorch_izh_cpu.py,8000,5.6545193195343
193,pymonntorch_izh_cpu.py,8000,5.66378712654114
194,pymonntorch_izh_cpu.py,8000,5.77416515350342
195,pymonntorch_izh_cpu.py,9000,7.14944171905518
196,pymonntorch_izh_cpu.py,9000,7.2914092540741
197,pymonntorch_izh_cpu.py,9000,7.20225095748901
198,pymonntorch_izh_cpu.py,9000,7.18108081817627
199,pymonntorch_izh_cpu.py,9000,7.21270561218262
200,pymonntorch_izh_cpu.py,10000,8.90361213684082
201,pymonntorch_izh_cpu.py,10000,8.90511155128479
202,pymonntorch_izh_cpu.py,10000,8.903728723526
203,pymonntorch_izh_cpu.py,10000,9.03444719314575
204,pymonntorch_izh_cpu.py,10000,8.86710739135742
205,pymonntorch_izh_cpu.py,11000,10.7661943435669
206,pymonntorch_izh_cpu.py,11000,10.893839597702
207,pymonntorch_izh_cpu.py,11000,10.8978810310364
208,pymonntorch_izh_cpu.py,11000,10.8137557506561
209,pymonntorch_izh_cpu.py,11000,10.8401687145233
210,pymonntorch_izh_cpu.py,12000,12.9905407428741
211,pymonntorch_izh_cpu.py,12000,13.000958442688
212,pymonntorch_izh_cpu.py,12000,13.1709880828857
213,pymonntorch_izh_cpu.py,12000,13.0317413806915
214,pymonntorch_izh_cpu.py,12000,12.8235857486725
215,pymonntorch_izh_cpu.py,13000,15.2302794456482
216,pymonntorch_izh_cpu.py,13000,15.6124384403229
217,pymonntorch_izh_cpu.py,13000,15.3181023597717
218,pymonntorch_izh_cpu.py,13000,15.377916097641
219,pymonntorch_izh_cpu.py,13000,15.6402070522308
220,pymonntorch_izh_cpu.py,14000,17.8539657592773
221,pymonntorch_izh_cpu.py,14000,18.1744658946991
222,pymonntorch_izh_cpu.py,14000,18.0798938274384
223,pymonntorch_izh_cpu.py,14000,18.0632662773132
224,pymonntorch_izh_cpu.py,14000,18.1004478931427
225,pymonntorch_izh_cpu.py,15000,20.9053699970245
226,pymonntorch_izh_cpu.py,15000,20.8803806304932
227,pymonntorch_izh_cpu.py,15000,20.7469246387482
228,pymonntorch_izh_cpu.py,15000,20.9054527282715
229,pymonntorch_izh_cpu.py,15000,20.6870503425598
230,pymonntorch_izh_cpu.py,2500,0.635671854019165
231,pymonntorch_izh_cpu.py,2500,0.664825916290283
232,pymonntorch_izh_cpu.py,2500,0.652793884277344
233,pymonntorch_izh_cpu.py,2500,0.659935474395752
234,pymonntorch_izh_cpu.py,2500,0.641978263854981
235,pymonnto_izh.py,10,0.032991409301758
236,pymonnto_izh.py,10,0.020552158355713
237,pymonnto_izh.py,10,0.018023490905762
238,pymonnto_izh.py,10,0.01841402053833
239,pymonnto_izh.py,10,0.018589019775391
240,pymonnto_izh.py,20,0.025196313858032
241,pymonnto_izh.py,20,0.018878698348999
242,pymonnto_izh.py,20,0.019480466842651
243,pymonnto_izh.py,20,0.01916766166687
244,pymonnto_izh.py,20,0.019250154495239
245,pymonnto_izh.py,50,0.020197629928589
246,pymonnto_izh.py,50,0.019414901733398
247,pymonnto_izh.py,50,0.019653558731079
248,pymonnto_izh.py,50,0.020308256149292
249,pymonnto_izh.py,50,0.021753311157227
250,pymonnto_izh.py,100,0.020742654800415
251,pymonnto_izh.py,100,0.020668029785156
252,pymonnto_izh.py,100,0.021377801895142
253,pymonnto_izh.py,100,0.020902633666992
254,pymonnto_izh.py,100,0.020752906799316
255,pymonnto_izh.py,250,0.024996042251587
256,pymonnto_izh.py,250,0.025187253952026
257,pymonnto_izh.py,250,0.025542020797729
258,pymonnto_izh.py,250,0.025309801101685
259,pymonnto_izh.py,250,0.025542736053467
260,pymonnto_izh.py,500,0.033448457717896
261,pymonnto_izh.py,500,0.03844690322876
262,pymonnto_izh.py,500,0.040884494781494
263,pymonnto_izh.py,500,0.033061981201172
264,pymonnto_izh.py,500,0.03400993347168
265,pymonnto_izh.py,750,0.045611381530762
266,pymonnto_izh.py,750,0.045769214630127
267,pymonnto_izh.py,750,0.044842720031738
268,pymonnto_izh.py,750,0.053059816360474
269,pymonnto_izh.py,750,0.054110288619995
270,pymonnto_izh.py,1000,0.069771528244019
271,pymonnto_izh.py,1000,0.072553396224976
272,pymonnto_izh.py,1000,0.069753885269165
273,pymonnto_izh.py,1000,0.06918740272522
274,pymonnto_izh.py,1000,0.063349485397339
275,pymonnto_izh.py,1500,0.142395973205566
276,pymonnto_izh.py,1500,0.157048463821411
277,pymonnto_izh.py,1500,0.141680955886841
278,pymonnto_izh.py,1500,0.142448425292969
279,pymonnto_izh.py,1500,0.145970344543457
280,pymonnto_izh.py,2000,0.314323902130127
281,pymonnto_izh.py,2000,0.316334247589111
282,pymonnto_izh.py,2000,0.303716421127319
283,pymonnto_izh.py,2000,0.322027921676636
284,pymonnto_izh.py,2000,0.320664405822754
285,pymonnto_izh.py,3000,1.08062434196472
286,pymonnto_izh.py,3000,1.04640340805054
287,pymonnto_izh.py,3000,1.07156324386597
288,pymonnto_izh.py,3000,1.07976698875427
289,pymonnto_izh.py,3000,1.03417587280273
290,pymonnto_izh.py,4000,2.0692994594574
291,pymonnto_izh.py,4000,1.99543070793152
292,pymonnto_izh.py,4000,2.09228515625
293,pymonnto_izh.py,4000,2.17213153839111
294,pymonnto_izh.py,4000,2.02120733261108
295,pymonnto_izh.py,5000,3.47158217430115
296,pymonnto_izh.py,5000,3.39407253265381
297,pymonnto_izh.py,5000,3.3113694190979
298,pymonnto_izh.py,5000,3.45780849456787
299,pymonnto_izh.py,5000,3.36616444587708
300,pymonnto_izh.py,6000,5.05101203918457
301,pymonnto_izh.py,6000,5.05244565010071
302,pymonnto_izh.py,6000,5.18157982826233
303,pymonnto_izh.py,6000,5.06173539161682
304,pymonnto_izh.py,6000,4.89320302009583
305,pymonnto_izh.py,7000,6.79460406303406
306,pymonnto_izh.py,7000,6.81576156616211
307,pymonnto_izh.py,7000,6.93153691291809
308,pymonnto_izh.py,7000,6.94604730606079
309,pymonnto_izh.py,7000,6.93461036682129
310,pymonnto_izh.py,8000,9.04382157325745
311,pymonnto_izh.py,8000,8.90807485580444
312,pymonnto_izh.py,8000,8.86541032791138
313,pymonnto_izh.py,8000,8.96783924102783
314,pymonnto_izh.py,8000,9.18251347541809
315,pymonnto_izh.py,9000,10.9576964378357
316,pymonnto_izh.py,9000,10.8653423786163
317,pymonnto_izh.py,9000,10.7915170192719
318,pymonnto_izh.py,9000,10.9189050197601
319,pymonnto_izh.py,9000,10.9531371593475
320,pymonnto_izh.py,10000,13.2891788482666
321,pymonnto_izh.py,10000,13.3618071079254
322,pymonnto_izh.py,10000,13.2411198616028
323,pymonnto_izh.py,10000,13.2297852039337
324,pymonnto_izh.py,10000,13.2900285720825
325,pymonnto_izh.py,11000,16.0265226364136
326,pymonnto_izh.py,11000,16.1246643066406
327,pymonnto_izh.py,11000,15.8282086849213
328,pymonnto_izh.py,11000,16.0694341659546
329,pymonnto_izh.py,11000,16.2355403900146
330,pymonnto_izh.py,12000,19.5447924137115
331,pymonnto_izh.py,12000,19.5533308982849
332,pymonnto_izh.py,12000,20.2095503807068
333,pymonnto_izh.py,12000,20.1956658363342
334,pymonnto_izh.py,12000,19.64133477211
335,pymonnto_izh.py,13000,22.7227761745453
336,pymonnto_izh.py,13000,23.3322749137878
337,pymonnto_izh.py,13000,23.1976590156555
338,pymonnto_izh.py,13000,23.4044945240021
339,pymonnto_izh.py,13000,23.1431465148926
340,pymonnto_izh.py,14000,26.9950575828552
341,pymonnto_izh.py,14000,26.147646188736
342,pymonnto_izh.py,14000,26.4688539505005
343,pymonnto_izh.py,14000,26.7790372371674
344,pymonnto_izh.py,14000,27.067676782608
345,pymonnto_izh.py,15000,31.6347239017487
346,pymonnto_izh.py,15000,31.8710944652557
347,pymonnto_izh.py,15000,31.4761688709259
348,pymonnto_izh.py,15000,31.3973388671875
349,pymonnto_izh.py,15000,31.3394210338593
350,pymonnto_izh.py,2500,0.703134298324585
351,pymonnto_izh.py,2500,0.728072881698608
352,pymonnto_izh.py,2500,0.693753957748413
353,pymonnto_izh.py,2500,0.727940320968628
354,pymonnto_izh.py,2500,0.711217403411865
355,brian_izh.py,10,0.466598987579346
356,brian_izh.py,10,0.424249649047852
357,brian_izh.py,10,0.45332145690918
358,brian_izh.py,10,0.4267418384552
359,brian_izh.py,10,0.429680824279785
360,brian_izh.py,20,0.444624185562134
361,brian_izh.py,20,0.42950439453125
362,brian_izh.py,20,0.419471740722656
363,brian_izh.py,20,0.427942514419556
364,brian_izh.py,20,0.420017242431641
365,brian_izh.py,50,0.424075603485107
366,brian_izh.py,50,0.427181005477905
367,brian_izh.py,50,0.447376012802124
368,brian_izh.py,50,0.46279764175415
369,brian_izh.py,50,0.439213752746582
370,brian_izh.py,100,0.436349630355835
371,brian_izh.py,100,0.460581064224243
372,brian_izh.py,100,0.423349618911743
373,brian_izh.py,100,0.448997735977173
374,brian_izh.py,100,0.451291561126709
375,brian_izh.py,250,0.448139429092407
376,brian_izh.py,250,0.452611446380615
377,brian_izh.py,250,0.44346284866333
378,brian_izh.py,250,0.436567783355713
379,brian_izh.py,250,0.432596206665039
380,brian_izh.py,500,0.472482204437256
381,brian_izh.py,500,0.489950180053711
382,brian_izh.py,500,0.511229991912842
383,brian_izh.py,500,0.494636297225952
384,brian_izh.py,500,0.482289552688599
385,brian_izh.py,750,0.62227988243103
386,brian_izh.py,750,0.654393434524536
387,brian_izh.py,750,0.63255786895752
388,brian_izh.py,750,0.636169672012329
389,brian_izh.py,750,0.626873970031738
390,brian_izh.py,1000,0.850050687789917
391,brian_izh.py,1000,0.858251333236694
392,brian_izh.py,1000,0.865492343902588
393,brian_izh.py,1000,0.888575792312622
394,brian_izh.py,1000,0.841342926025391
395,brian_izh.py,1500,1.47872090339661
396,brian_izh.py,1500,1.4835889339447
397,brian_izh.py,1500,1.44867563247681
398,brian_izh.py,1500,1.42937874794006
399,brian_izh.py,1500,1.46332573890686
400,brian_izh.py,2000,2.26499629020691
401,brian_izh.py,2000,2.30839014053345
402,brian_izh.py,2000,2.34715223312378
403,brian_izh.py,2000,2.34443020820618
404,brian_izh.py,2000,2.30450057983398
405,brian_izh.py,3000,4.69653296470642
406,brian_izh.py,3000,4.70671796798706
407,brian_izh.py,3000,4.79064583778381
408,brian_izh.py,3000,4.67546200752258
409,brian_izh.py,3000,4.81315159797668
410,brian_izh.py,4000,8.10702848434448
411,brian_izh.py,4000,8.23333358764648
412,brian_izh.py,4000,8.27254557609558
413,brian_izh.py,4000,8.18488502502441
414,brian_izh.py,4000,8.21425485610962
415,brian_izh.py,5000,12.6283340454102
416,brian_izh.py,5000,12.9338479042053
417,brian_izh.py,5000,12.8643786907196
418,brian_izh.py,5000,12.9135956764221
419,brian_izh.py,5000,12.6860120296478
420,brian_izh.py,6000,18.303423166275
421,brian_izh.py,6000,18.4067342281342
422,brian_izh.py,6000,18.3998210430145
423,brian_izh.py,6000,18.4654953479767
424,brian_izh.py,6000,19.0039446353912
425,brian_izh.py,7000,26.0536541938782
426,brian_izh.py,7000,26.1675896644592
427,brian_izh.py,7000,25.6168527603149
428,brian_izh.py,7000,25.454847574234
429,brian_izh.py,7000,25.3582994937897
430,brian_izh.py,8000,34.1658861637115
431,brian_izh.py,8000,33.767023563385
432,brian_izh.py,8000,33.5812859535217
433,brian_izh.py,8000,33.4776639938354
434,brian_izh.py,8000,33.4805614948273
435,brian_izh.py,9000,44.7606265544891
436,brian_izh.py,9000,45.9764566421509
437,brian_izh.py,9000,45.0407848358154
438,brian_izh.py,9000,44.6227600574493
439,brian_izh.py,9000,46.263730764389
440,brian_izh.py,10000,57.9954173564911
441,brian_izh.py,10000,57.3292937278748
442,brian_izh.py,10000,58.6095671653748
443,brian_izh.py,10000,59.2895181179047
444,brian_izh.py,10000,59.0859644412994
445,brian_izh.py,11000,75.8621115684509
446,brian_izh.py,11000,72.2982611656189
447,brian_izh.py,11000,73.9615547657013
448,brian_izh.py,11000,74.9125142097473
449,brian_izh.py,11000,78.5046782493591
450,brian_izh.py,12000,80.7162580490112
451,brian_izh.py,12000,90.9494035243988
452,brian_izh.py,12000,74.9083354473114
453,brian_izh.py,12000,90.7035307884216
454,brian_izh.py,12000,89.5266361236572
455,brian_izh.py,13000,115.318281650543
456,brian_izh.py,13000,117.146318674088
457,brian_izh.py,13000,113.907171487808
458,brian_izh.py,13000,112.162793159485
459,brian_izh.py,13000,113.575128316879
460,brian_izh.py,14000,137.167668104172
461,brian_izh.py,14000,137.779871702194
462,brian_izh.py,14000,136.080766916275
463,brian_izh.py,14000,136.077105998993
464,brian_izh.py,14000,135.801756620407
465,brian_izh.py,15000,162.027059555054
466,brian_izh.py,15000,163.867361068726
467,brian_izh.py,15000,158.880830526352
468,brian_izh.py,15000,163.550531625748
469,brian_izh.py,15000,159.618934631348
470,brian_izh.py,2500,3.4784836769104
471,brian_izh.py,2500,3.39900970458984
472,brian_izh.py,2500,3.40062832832336
473,brian_izh.py,2500,3.46744465827942
474,brian_izh.py,2500,3.39489388465881
475,brian_izh_cuda.py,10,0.013
476,brian_izh_cuda.py,10,0.009
477,brian_izh_cuda.py,10,0.01
478,brian_izh_cuda.py,10,0.009
479,brian_izh_cuda.py,10,0.01
480,brian_izh_cuda.py,20,0.011
481,brian_izh_cuda.py,20,0.009
482,brian_izh_cuda.py,20,0.01
483,brian_izh_cuda.py,20,0.009
484,brian_izh_cuda.py,20,0.011
485,brian_izh_cuda.py,50,0.01
486,brian_izh_cuda.py,50,0.01
487,brian_izh_cuda.py,50,0.01
488,brian_izh_cuda.py,50,0.009
489,brian_izh_cuda.py,50,0.017
490,brian_izh_cuda.py,100,0.011
491,brian_izh_cuda.py,100,0.011
492,brian_izh_cuda.py,100,0.011
493,brian_izh_cuda.py,100,0.011
494,brian_izh_cuda.py,100,0.011
495,brian_izh_cuda.py,250,0.015
496,brian_izh_cuda.py,250,0.015
497,brian_izh_cuda.py,250,0.015
498,brian_izh_cuda.py,250,0.015
499,brian_izh_cuda.py,250,0.015
500,brian_izh_cuda.py,500,0.03
501,brian_izh_cuda.py,500,0.03
502,brian_izh_cuda.py,500,0.03
503,brian_izh_cuda.py,500,0.03
504,brian_izh_cuda.py,500,0.03
505,brian_izh_cuda.py,750,0.06
506,brian_izh_cuda.py,750,0.06
507,brian_izh_cuda.py,750,0.06
508,brian_izh_cuda.py,750,0.062
509,brian_izh_cuda.py,750,0.061
510,brian_izh_cuda.py,1000,0.089
511,brian_izh_cuda.py,1000,0.09
512,brian_izh_cuda.py,1000,0.091
513,brian_izh_cuda.py,1000,0.091
514,brian_izh_cuda.py,1000,0.09
515,brian_izh_cuda.py,1500,0.211
516,brian_izh_cuda.py,1500,0.212
517,brian_izh_cuda.py,1500,0.213
518,brian_izh_cuda.py,1500,0.216
519,brian_izh_cuda.py,1500,0.213
520,brian_izh_cuda.py,2000,0.343
521,brian_izh_cuda.py,2000,0.34
522,brian_izh_cuda.py,2000,0.341
523,brian_izh_cuda.py,2000,0.34
524,brian_izh_cuda.py,2000,0.339
525,brian_izh_cuda.py,3000,0.836
526,brian_izh_cuda.py,3000,0.833
527,brian_izh_cuda.py,3000,0.834
528,brian_izh_cuda.py,3000,0.834
529,brian_izh_cuda.py,3000,0.834
530,brian_izh_cuda.py,4000,1.391
531,brian_izh_cuda.py,4000,1.397
532,brian_izh_cuda.py,4000,1.393
533,brian_izh_cuda.py,4000,1.394
534,brian_izh_cuda.py,4000,1.395
535,brian_izh_cuda.py,5000,2.312
536,brian_izh_cuda.py,5000,2.298
537,brian_izh_cuda.py,5000,2.316
538,brian_izh_cuda.py,5000,2.315
539,brian_izh_cuda.py,5000,2.319
540,brian_izh_cuda.py,6000,3.359
541,brian_izh_cuda.py,6000,3.364
542,brian_izh_cuda.py,6000,3.366
543,brian_izh_cuda.py,6000,3.369
544,brian_izh_cuda.py,6000,3.371
545,brian_izh_cuda.py,2500,0.58
546,brian_izh_cuda.py,2500,0.585
547,brian_izh_cuda.py,2500,0.579
548,brian_izh_cuda.py,2500,0.583
549,brian_izh_cuda.py,2500,0.577
550,brian_izh_cpp.py,10,0.002876
551,brian_izh_cpp.py,10,0.002831
552,brian_izh_cpp.py,10,0.002876
553,brian_izh_cpp.py,10,0.002874
554,brian_izh_cpp.py,10,0.002832
555,brian_izh_cpp.py,20,0.003117
556,brian_izh_cpp.py,20,0.003212
557,brian_izh_cpp.py,20,0.003251
558,brian_izh_cpp.py,20,0.003128
559,brian_izh_cpp.py,20,0.003249
560,brian_izh_cpp.py,50,0.00402
561,brian_izh_cpp.py,50,0.004169
562,brian_izh_cpp.py,50,0.004166
563,brian_izh_cpp.py,50,0.004158
564,brian_izh_cpp.py,50,0.004089
565,brian_izh_cpp.py,100,0.006132
566,brian_izh_cpp.py,100,0.006211
567,brian_izh_cpp.py,100,0.006119
568,brian_izh_cpp.py,100,0.00629
569,brian_izh_cpp.py,100,0.005973
570,brian_izh_cpp.py,250,0.01684
571,brian_izh_cpp.py,250,0.016874
572,brian_izh_cpp.py,250,0.016417
573,brian_izh_cpp.py,250,0.016829
574,brian_izh_cpp.py,250,0.016603
575,brian_izh_cpp.py,500,0.051793
576,brian_izh_cpp.py,500,0.073811
577,brian_izh_cpp.py,500,0.049628
578,brian_izh_cpp.py,500,0.050166
579,brian_izh_cpp.py,500,0.049237
580,brian_izh_cpp.py,750,0.160712
581,brian_izh_cpp.py,750,0.163403
582,brian_izh_cpp.py,750,0.163296
583,brian_izh_cpp.py,750,0.1667
584,brian_izh_cpp.py,750,0.160179
585,brian_izh_cpp.py,1000,0.379794
586,brian_izh_cpp.py,1000,0.37491
587,brian_izh_cpp.py,1000,0.358678
588,brian_izh_cpp.py,1000,0.37419
589,brian_izh_cpp.py,1000,0.367214
590,brian_izh_cpp.py,1500,0.960912
591,brian_izh_cpp.py,1500,0.939579
592,brian_izh_cpp.py,1500,0.928853
593,brian_izh_cpp.py,1500,0.944166
594,brian_izh_cpp.py,1500,0.932168
595,brian_izh_cpp.py,2000,1.71923
596,brian_izh_cpp.py,2000,1.70134
597,brian_izh_cpp.py,2000,1.62817
598,brian_izh_cpp.py,2000,1.69901
599,brian_izh_cpp.py,2000,1.71477
600,brian_izh_cpp.py,3000,3.9678
601,brian_izh_cpp.py,3000,3.98226
602,brian_izh_cpp.py,3000,4.00432
603,brian_izh_cpp.py,3000,4.00569
604,brian_izh_cpp.py,3000,3.94538
605,brian_izh_cpp.py,4000,7.16097
606,brian_izh_cpp.py,4000,7.29134
607,brian_izh_cpp.py,4000,7.48549
608,brian_izh_cpp.py,4000,7.32196
609,brian_izh_cpp.py,4000,7.34546
610,brian_izh_cpp.py,5000,11.4072
611,brian_izh_cpp.py,5000,11.2982
612,brian_izh_cpp.py,5000,11.3538
613,brian_izh_cpp.py,5000,11.7169
614,brian_izh_cpp.py,5000,11.3438
615,brian_izh_cpp.py,6000,16.8457
616,brian_izh_cpp.py,6000,16.7857
617,brian_izh_cpp.py,6000,17.0635
618,brian_izh_cpp.py,6000,16.7487
619,brian_izh_cpp.py,6000,16.9168
620,brian_izh_cpp.py,7000,23.4751
621,brian_izh_cpp.py,7000,23.3884
622,brian_izh_cpp.py,7000,24.4164
623,brian_izh_cpp.py,7000,23.7133
624,brian_izh_cpp.py,7000,23.7897
625,brian_izh_cpp.py,8000,31.9601
626,brian_izh_cpp.py,8000,31.9841
627,brian_izh_cpp.py,8000,31.8404
628,brian_izh_cpp.py,8000,31.7117
629,brian_izh_cpp.py,8000,31.872
630,brian_izh_cpp.py,9000,41.5102
631,brian_izh_cpp.py,9000,42.6524
632,brian_izh_cpp.py,9000,41.8947
633,brian_izh_cpp.py,9000,41.5538
634,brian_izh_cpp.py,9000,41.4446
635,brian_izh_cpp.py,10000,54.3807
636,brian_izh_cpp.py,10000,53.1051
637,brian_izh_cpp.py,10000,55.862
638,brian_izh_cpp.py,10000,53.5958
639,brian_izh_cpp.py,10000,54.1027
640,brian_izh_cpp.py,11000,72.4748
641,brian_izh_cpp.py,11000,71.2807
642,brian_izh_cpp.py,11000,68.1498
643,brian_izh_cpp.py,11000,69.5294
644,brian_izh_cpp.py,11000,71.776
645,brian_izh_cpp.py,12000,88.4113
646,brian_izh_cpp.py,12000,89.2474
647,brian_izh_cpp.py,12000,89.35
648,brian_izh_cpp.py,12000,80.6944
649,brian_izh_cpp.py,12000,86.9704
650,brian_izh_cpp.py,13000,107.642
651,brian_izh_cpp.py,13000,108.723
652,brian_izh_cpp.py,13000,103.896
653,brian_izh_cpp.py,13000,107.245
654,brian_izh_cpp.py,13000,106.353
655,brian_izh_cpp.py,14000,131.176
656,brian_izh_cpp.py,14000,130.297
657,brian_izh_cpp.py,14000,130.06
658,brian_izh_cpp.py,14000,129.061
659,brian_izh_cpp.py,14000,130.298
660,brian_izh_cpp.py,15000,154.67
661,brian_izh_cpp.py,15000,152.58
662,brian_izh_cpp.py,15000,153.493
663,brian_izh_cpp.py,15000,151.951
664,brian_izh_cpp.py,15000,157.593
665,brian_izh_cpp.py,2500,2.70848
666,brian_izh_cpp.py,2500,2.71564
667,brian_izh_cpp.py,2500,2.72046
668,brian_izh_cpp.py,2500,2.68474
669,brian_izh_cpp.py,2500,2.69193
670,pynn_nest_izh.py,10,0.006046772003174
671,pynn_nest_izh.py,10,0.008779764175415
672,pynn_nest_izh.py,10,0.009537935256958
673,pynn_nest_izh.py,10,0.008832693099976
674,pynn_nest_izh.py,20,0.009047269821167
675,pynn_nest_izh.py,20,0.00567364692688
676,pynn_nest_izh.py,20,0.00570821762085
677,pynn_nest_izh.py,20,0.005460739135742
678,pynn_nest_izh.py,50,0.005612134933472
679,pynn_nest_izh.py,50,0.00550651550293
680,pynn_nest_izh.py,50,0.005492925643921
681,pynn_nest_izh.py,50,0.0054771900177
682,pynn_nest_izh.py,100,0.00668215751648
683,pynn_nest_izh.py,100,0.006658554077148
684,pynn_nest_izh.py,100,0.018608331680298
685,pynn_nest_izh.py,100,0.007220506668091
686,pynn_nest_izh.py,250,0.014863729476929
687,pynn_nest_izh.py,250,0.02429723739624
688,pynn_nest_izh.py,250,0.015127897262573
689,pynn_nest_izh.py,250,0.014593124389649
690,pynn_nest_izh.py,500,0.052989482879639
691,pynn_nest_izh.py,500,0.052671909332275
692,pynn_nest_izh.py,500,0.053192377090454
693,pynn_nest_izh.py,500,0.054063320159912
694,pynn_nest_izh.py,750,0.104989528656006
695,pynn_nest_izh.py,750,0.106891393661499
696,pynn_nest_izh.py,750,0.107110977172852
697,pynn_nest_izh.py,750,0.105849504470825
698,pynn_nest_izh.py,1000,0.18071460723877
699,pynn_nest_izh.py,1000,0.179114103317261
700,pynn_nest_izh.py,1000,0.180858612060547
701,pynn_nest_izh.py,1000,0.178984642028809
702,pynn_nest_izh.py,1500,0.474395275115967
703,pynn_nest_izh.py,1500,0.413278818130493
704,pynn_nest_izh.py,1500,0.409284353256226
705,pynn_nest_izh.py,1500,0.408090829849243
706,pynn_nest_izh.py,2000,0.705994367599487
707,pynn_nest_izh.py,2000,0.715335607528687
708,pynn_nest_izh.py,2000,0.723772525787354
709,pynn_nest_izh.py,2000,0.696629524230957
710,pynn_nest_izh.py,2500,1.67757344245911
711,pynn_nest_izh.py,2500,1.19439911842346
712,pynn_nest_izh.py,2500,1.22123265266418
713,pynn_nest_izh.py,2500,1.24375581741333
714,pynn_nest_izh.py,3000,1.592041015625
715,pynn_nest_izh.py,3000,1.64957475662231
716,pynn_nest_izh.py,3000,1.6323025226593
717,pynn_nest_izh.py,3000,1.60545587539673
718,pynn_nest_izh.py,4000,2.69891023635864
719,pynn_nest_izh.py,4000,2.70786905288696
720,pynn_nest_izh.py,4000,2.71021223068237
721,pynn_nest_izh.py,4000,2.70572805404663
722,pynn_nest_izh.py,5000,6.12004733085632
723,pynn_nest_izh.py,5000,6.74944186210632
724,pynn_nest_izh.py,5000,7.06602573394775
725,pynn_nest_izh.py,5000,6.41488981246948
726,pynn_nest_izh.py,6000,9.66864109039307
727,pynn_nest_izh.py,6000,9.83385944366455
728,pynn_nest_izh.py,6000,10.0058643817902
729,pynn_nest_izh.py,6000,9.99084234237671
730,pynn_nest_izh.py,7000,13.4512779712677
731,pynn_nest_izh.py,7000,13.3313059806824
732,pynn_nest_izh.py,7000,11.0525059700012
733,pynn_nest_izh.py,7000,13.025253534317
734,pynn_nest_izh.py,8000,12.2262902259827
735,pynn_nest_izh.py,8000,11.639083147049
736,pynn_nest_izh.py,8000,11.4719071388245
737,pynn_nest_izh.py,8000,11.7075750827789
738,pynn_nest_izh.py,9000,14.3659732341766
739,pynn_nest_izh.py,9000,14.5444121360779
740,pynn_nest_izh.py,9000,14.3697929382324
741,pynn_nest_izh.py,9000,14.4523868560791
742,pynn_nest_izh.py,10000,19.0033569335937
743,pynn_nest_izh.py,10000,18.9605901241303
744,pynn_nest_izh.py,10000,19.1200890541077
745,pynn_nest_izh.py,10000,19.0017313957214
746,pynn_nest_izh.py,11000,23.745598077774
747,pynn_nest_izh.py,11000,23.9204320907593
748,pynn_nest_izh.py,11000,24.0220456123352
749,pynn_nest_izh.py,11000,23.9653427600861
750,pynn_nest_izh.py,12000,131.721462488174
751,pynn_nest_izh.py,12000,152.535843133926
752,pynn_nest_izh.py,12000,151.720009088516
753,pynn_nest_izh.py,12000,156.314635753632
754,pynn_nest_izh.py,10,0.005399465560913
755,pynn_nest_izh.py,20,0.007807493209839
756,pynn_nest_izh.py,50,0.005507946014404
757,pynn_nest_izh.py,100,0.006699085235596
758,pynn_nest_izh.py,250,0.01459550857544
759,pynn_nest_izh.py,500,0.052257061004639
760,pynn_nest_izh.py,750,0.104403495788574
761,pynn_nest_izh.py,1000,0.178662061691284
762,pynn_nest_izh.py,1500,0.475845098495483
763,pynn_nest_izh.py,2000,0.900847911834717
764,pynn_nest_izh.py,2500,1.56741142272949
765,pynn_nest_izh.py,3000,2.09870672225952
766,pynn_nest_izh.py,4000,2.65044379234314
767,pynn_nest_izh.py,5000,6.17324042320251
768,pynn_nest_izh.py,6000,9.57129311561585
769,pynn_nest_izh.py,7000,14.3251054286957
770,pynn_nest_izh.py,8000,12.0566489696503
771,pynn_nest_izh.py,9000,14.5560939311981
772,pynn_nest_izh.py,10000,19.0582735538483
773,pynn_nest_izh.py,11000,23.8242602348328
774,pynn_nest_izh.py,12000,133.004029512405
